Workbook
Name SegmentaciónDeDatos_Accidentes: #N/A
Name SegmentaciónDeDatos_Estado: #N/A
Name SegmentaciónDeDatos_Prioridad: #N/A
Name SegmentaciónDeDatos_Recotización: #N/A
Name SegmentaciónDeDatos_Resultado: #N/A

Sheet Introduccion
A1: Nombre | B1: Ezequiel
A2: Apellido | B2: Delipetro
A4: En este proyecto, se podra observar el trabajo final luego de un proceso de normalizacion de una base de datos publica sobre obras de infraestructura del gobierno de Argentina.
A6: A continuacion, detallo algunas linea generales para comprender cual fue el trabajo realizado:
A7: Acorte la base original y corregi errores de tipeo.
A8: Agrege columnas en la hoja Base Trabajada usando formulas tipo =Aleatorio.entre(), y =Elegir(aleatorio.entre()), a modo de enriquecer el contenido de la base de datos.
A9: En la hoja Auxiliar, quite duplicados y aplique formulas de contar.si, promedio.si, y contar.si.conjunto. Tambien agregue tablas para utilizar validaciones en las respuestas.
A10: En la hoja Interrogantes y Respuestas, use validaciones y formulas para responder cada pregunta.
A11: Aplique formato condicional en las tablas de distintas hojas y en una respuesta
A12: Agregue una columna adicional en hoja "Base Trabajada", llamada Resultado, que utiliza formula tipo Si, junto con Y y O, para indicar el resultado de acuerdo a si la obra esta finalizada y su grado de prioridad.
A13: Unifique Prioridad Moderada y Baja como Pasable con formula O. Todo dentro de la misma formula.
A14: Agregue hoja Auxilar TD. Alli estan las tablas dinamicas que fueron la base de los graficos del Dashboard.
A15: En la hoja Dashboard, utilice 3 graficos dinamicos, centrando el analisis en el presupuesto de acuerdo a diferentes variables (filtros)

Sheet Dashboard
L1: Presupuesto
L7: Cantidad de Obras
A32: Se analiza el presupuesto y la cantidad de obras de acuerdo a las diferentes variables que se encuentran segmentadas en el margen izquierdo.
A33: Se podra observar de acuerdo a los filtros seleccionados, el presupuesto que se utilizo, cuantas obras se encuentran afectadas, y los principales barrios y tipos de obras

Sheet Hoja Original
A1: WKT_1,WKT_2,id_registr,expediente,fecha,smp,ubicacion,acronimo,descripcio,barrio,comuna
A2: POINT (98150.3738232912 103518.226049293),POINT (-58.4834628040756 -34.5975535266197),2218,EX-2018-24936901-MGEYA-DGROC,2022/03/14 18:10:04,071-100-023,AV. SAN MARTIN 4521,IFOCD,OBRA NUEVA,AGRONOMIA,15
A3: POINT (97985.0637949616 103548.66982218),POINT (-58.4852648107956 -34.5972787733278),17703,EX-2021-24154447-GCABA-DGROC,2021/10/19 11:23:58,071-099-029B,AV. SAN MARTIN 4741,PLINE,REGISTRO DE PROYECTO DE INSTALACIÃ“N ELECTROMECÃNICA,AGRONOMIA,15
A4: POINT (97985.0637949616 103548.66982218),POINT (-58.4852648107956 -34.5972787733278),379194,EX-2023-13138269-GCABA-DGROC,2023/04/21 13:27:19,071-099-029B,AV. SAN MARTIN 4723,IFPDO,PERMISO DE DEMOLICION,AGRONOMIA,15
A5: POINT (98060.9002572461 103540.331437126),POINT (-58.484438123165 -34.5973540892175),447520,EX-2022-40215471-GCABA-DGROC,2023/04/28 11:08:10,071-100-013C,AV. SAN MARTIN 4641,PROIN,REGISTRO DE PROYECTO DE PREVENCIÃ“N CONTRA INCENDIOS,AGRONOMIA,15
A6: POINT (96681.7207992716 103718.424098116),POINT (-58.4994721168063 -34.595745080254),17737,EX-2019-11451473-GCABA-DGROC,2022/04/04 19:44:39,071-013-006B,AV. SAN MARTIN 5901,PLINE,PROYECTO DE INSTALACION DE PREVENCION DE INCENDIOS,AGRONOMIA,15
A7: POINT (96474.7542116246 103811.932069105),POINT (-58.5017278615803 -34.5949014580074),18432,EX-2020-30207235-GCABA-DGROC,2021/08/23 14:01:47,083-241-003,AV. SAN MARTIN 6101,PLINE,REGISTRO DE PROYECTO DE ELEMENTOS GUIADOS DE TRANSPORTE,AGRONOMIA,15
A8: POINT (96474.7542116246 103811.932069105),POINT (-58.5017278615803 -34.5949014580074),22926,EX-2021-18852149-GCABA-DGROC,2022/08/18 16:29:43,083-241-003,AV. SAN MARTIN 6101,PROIN,REGISTRO DE PROYECTO DE PREVENCIÃ“N CONTRA INCENDIOS,AGRONOMIA,15
A9: POINT (96474.7542116246 103811.932069105),POINT (-58.5017278615803 -34.5949014580074),252255,EX-2022-33782640-GCABA-DGROC,2023/02/15 11:54:02,083-241-003,AV. SAN MARTIN 6101,PLINE,REGISTRO DE PROYECTO DE PREVENCIÃ“N CONTRA INCENDIOS,AGRONOMIA,15
A10: POINT (97671.831814842 103596.793339402),POINT (-58.4886792750456 -34.5968442878842),228,EX-2021-38718958-GCABA-DGROC,2022/11/15 15:59:31,071-078B-028,VENECIA 3146,IFOCD,P. OBRA E. PROY. / CONFORME / R. OBRAS EN CONTRA,AGRONOMIA,15
A11: POINT (97104.0093587858 104042.20562654),POINT (-58.4948676315946 -34.5928276723431),412,EX-2022-8891467-GCABA-DGROC,2022/10/24 12:28:42,071-058-022,MARISCAL FRANCISCO SOLANO LOPEZ 2815,IFOCD,P. OBRA E. PROY. / CONFORME / R. OBRAS EN CONTRA,AGRONOMIA,15
A12: POINT (97936.0785476213 104543.217992057),POINT (-58.4857963267041 -34.5883133785076),421,EX-2022-16089911-GCABA-DGROC,2022/10/21 16:09:09,061-137-039C,AV. DE LOS CONSTITUYENTES 3610,IFOCD,P. OBRA E. PROY. / CONFORME / R. OBRAS EN CONTRA,AGRONOMIA,15
... A29389: POINT (98244.7545593974 106427.5695),POINT (-58.4824277404114 -34.5713275585501),14224,EX-2021-20984280-GCABA-DGROC,2021/08/06 17:24:20,053-028-022,VALDENEGRO 2548,IFPDO,REGISTRO-PERMISO OBRA,VILLA URQUIZA,12

Sheet Base Trabajada
A1: ID Registro | B1: Fecha | C1: Descripción tipo de obra | D1: Barrio | E1: Presupuesto | F1: Estado | G1: Personal | H1: Prioridad | I1: Recotización | J1: Accidentes | K1: Resultado
A2: 19933 | B2: 44103.65 | C2: PROYECTO DE INSTALACION DE PREVENCION DE INCENDIOS | D2: RECOLETA | E2: 109070 | F2: ANULADA | G2: 47 | H2: BAJA | I2: NO | J2: NULA | K2: =IF(AND(OBRAS[[#This Row],[Estado]]="FINALIZADA",OBRAS[[#This Row],[Prioridad]]="ALTA"),"MUY SATISFACTORIO",IF(AND(OBRAS[[#This Row],[Estado]]="FINALIZADA",OR(OBRAS[[#This Row],[Prioridad]]="MODERADA",OBRAS[[#This Row],[Prioridad]]="BAJA")),"PASABLE","AUSENTE")) -> AUSENTE
A3: 15936 | B3: 44104.441 | C3: AJUSTE DE INSTALACION MECANICA | D3: VILLA SANTA RITA | E3: 919748 | F3: FINALIZADA | G3: 33 | H3: MODERADA | I3: NO | J3: NULA | K3: =IF(AND(OBRAS[[#This Row],[Estado]]="FINALIZADA",OBRAS[[#This Row],[Prioridad]]="ALTA"),"MUY SATISFACTORIO",IF(AND(OBRAS[[#This Row],[Estado]]="FINALIZADA",OR(OBRAS[[#This Row],[Prioridad]]="MODERADA",OBRAS[[#This Row],[Prioridad]]="BAJA")),"PASABLE","AUSENTE")) -> PASABLE
A4: 16350 | B4: 44104.629 | C4: AJUSTE DE INSTALACION ELECTROMECANICA | D4: CABALLITO | E4: 586427 | F4: FINALIZADA | G4: 9 | H4: BAJA | I4: NO | J4: BAJA | K4: =IF(AND(OBRAS[[#This Row],[Estado]]="FINALIZADA",OBRAS[[#This Row],[Prioridad]]="ALTA"),"MUY SATISFACTORIO",IF(AND(OBRAS[[#This Row],[Estado]]="FINALIZADA",OR(OBRAS[[#This Row],[Prioridad]]="MODERADA",OBRAS[[#This Row],[Prioridad]]="BAJA")),"PASABLE","AUSENTE")) -> PASABLE
A5: 17145 | B5: 44104.637 | C5: AJUSTE DE INSTALACION ELECTROMECANICA | D5: MONSERRAT | E5: 214821 | F5: ANULADA | G5: 11 | H5: ALTA | I5: NO | J5: BAJA | K5: =IF(AND(OBRAS[[#This Row],[Estado]]="FINALIZADA",OBRAS[[#This Row],[Prioridad]]="ALTA"),"MUY SATISFACTORIO",IF(AND(OBRAS[[#This Row],[Estado]]="FINALIZADA",OR(OBRAS[[#This Row],[Prioridad]]="MODERADA",OBRAS[[#This Row],[Prioridad]]="BAJA")),"PASABLE","AUSENTE")) -> AUSENTE
A6: 16320 | B6: 44104.698 | C6: AJUSTE DE INSTALACION ELECTROMECANICA | D6: BALVANERA | E6: 338921 | F6: FINALIZADA | G6: 4 | H6: ALTA | I6: SI | J6: ELEVADA | K6: =IF(AND(OBRAS[[#This Row],[Estado]]="FINALIZADA",OBRAS[[#This Row],[Prioridad]]="ALTA"),"MUY SATISFACTORIO",IF(AND(OBRAS[[#This Row],[Estado]]="FINALIZADA",OR(OBRAS[[#This Row],[Prioridad]]="MODERADA",OBRAS[[#This Row],[Prioridad]]="BAJA")),"PASABLE","AUSENTE")) -> MUY SATISFACTORIO
A7: 16335 | B7: 44105.309 | C7: AJUSTE DE INSTALACION MECANICA | D7: CABALLITO | E7: 966540 | F7: EN PROCESO | G7: 37 | H7: ALTA | I7: SI | J7: BAJA | K7: =IF(AND(OBRAS[[#This Row],[Estado]]="FINALIZADA",OBRAS[[#This Row],[Prioridad]]="ALTA"),"MUY SATISFACTORIO",IF(AND(OBRAS[[#This Row],[Estado]]="FINALIZADA",OR(OBRAS[[#This Row],[Prioridad]]="MODERADA",OBRAS[[#This Row],[Prioridad]]="BAJA")),"PASABLE","AUSENTE")) -> AUSENTE
A8: 19493 | B8: 44105.393 | C8: PROYECTO INSTALACION ELECTRICA | D8: PALERMO | E8: 711564 | F8: EN PROCESO | G8: 1 | H8: ALTA | I8: SI | J8: BAJA | K8: =IF(AND(OBRAS[[#This Row],[Estado]]="FINALIZADA",OBRAS[[#This Row],[Prioridad]]="ALTA"),"MUY SATISFACTORIO",IF(AND(OBRAS[[#This Row],[Estado]]="FINALIZADA",OR(OBRAS[[#This Row],[Prioridad]]="MODERADA",OBRAS[[#This Row],[Prioridad]]="BAJA")),"PASABLE","AUSENTE")) -> AUSENTE
A9: 22609 | B9: 44105.464 | C9: PROYECTO INSTALACION ELECTRICA | D9: SAN CRISTOBAL | E9: 683888 | F9: FINALIZADA | G9: 4 | H9: BAJA | I9: NO | J9: ELEVADA | K9: =IF(AND(OBRAS[[#This Row],[Estado]]="FINALIZADA",OBRAS[[#This Row],[Prioridad]]="ALTA"),"MUY SATISFACTORIO",IF(AND(OBRAS[[#This Row],[Estado]]="FINALIZADA",OR(OBRAS[[#This Row],[Prioridad]]="MODERADA",OBRAS[[#This Row],[Prioridad]]="BAJA")),"PASABLE","AUSENTE")) -> PASABLE
A10: 17212 | B10: 44105.468 | C10: AJUSTE DE INSTALACION MECANICA | D10: SAN CRISTOBAL | E10: 803466 | F10: ANULADA | G10: 17 | H10: ALTA | I10: NO | J10: BAJA | K10: =IF(AND(OBRAS[[#This Row],[Estado]]="FINALIZADA",OBRAS[[#This Row],[Prioridad]]="ALTA"),"MUY SATISFACTORIO",IF(AND(OBRAS[[#This Row],[Estado]]="FINALIZADA",OR(OBRAS[[#This Row],[Prioridad]]="MODERADA",OBRAS[[#This Row],[Prioridad]]="BAJA")),"PASABLE","AUSENTE")) -> AUSENTE
A11: 16719 | B11: 44105.555 | C11: AJUSTE DE INSTALACION MECANICA | D11: SAAVEDRA | E11: 997005 | F11: FINALIZADA | G11: 48 | H11: ALTA | I11: NO | J11: ELEVADA | K11: =IF(AND(OBRAS[[#This Row],[Estado]]="FINALIZADA",OBRAS[[#This Row],[Prioridad]]="ALTA"),"MUY SATISFACTORIO",IF(AND(OBRAS[[#This Row],[Estado]]="FINALIZADA",OR(OBRAS[[#This Row],[Prioridad]]="MODERADA",OBRAS[[#This Row],[Prioridad]]="BAJA")),"PASABLE","AUSENTE")) -> MUY SATISFACTORIO
A12: 17244 | B12: 44105.679 | C12: AJUSTE DE INSTALACION MECANICA | D12: LINIERS | E12: 180539 | F12: ANULADA | G12: 7 | H12: MODERADA | I12: SI | J12: ELEVADA | K12: =IF(AND(OBRAS[[#This Row],[Estado]]="FINALIZADA",OBRAS[[#This Row],[Prioridad]]="ALTA"),"MUY SATISFACTORIO",IF(AND(OBRAS[[#This Row],[Estado]]="FINALIZADA",OR(OBRAS[[#This Row],[Prioridad]]="MODERADA",OBRAS[[#This Row],[Prioridad]]="BAJA")),"PASABLE","AUSENTE")) -> AUSENTE
A13: 17631 | B13: 44105.686 | C13: PROYECTO DE INSTALACION MECANICA | D13: BALVANERA | E13: 421358 | F13: ANULADA | G13: 18 | H13: ALTA | I13: NO | J13: BAJA | K13: =IF(AND(OBRAS[[#This Row],[Estado]]="FINALIZADA",OBRAS[[#This Row],[Prioridad]]="ALTA"),"MUY SATISFACTORIO",IF(AND(OBRAS[[#This Row],[Estado]]="FINALIZADA",OR(OBRAS[[#This Row],[Prioridad]]="MODERADA",OBRAS[[#This Row],[Prioridad]]="BAJA")),"PASABLE","AUSENTE")) -> AUSENTE
... A2999: 5913 | B2999: 44299.523 | C2999: P. OBRA E. PROY. / CONFORME / R. OBRAS EN CONTRA | D2999: SAN CRISTOBAL | E2999: 512037 | F2999: FINALIZADA | G2999: 17 | H2999: ALTA | I2999: NO | J2999: NULA | K2999: =IF(AND(OBRAS[[#This Row],[Estado]]="FINALIZADA",OBRAS[[#This Row],[Prioridad]]="ALTA"),"MUY SATISFACTORIO",IF(AND(OBRAS[[#This Row],[Estado]]="FINALIZADA",OR(OBRAS[[#This Row],[Prioridad]]="MODERADA",OBRAS[[#This Row],[Prioridad]]="BAJA")),"PASABLE","AUSENTE")) -> MUY SATISFACTORIO

Sheet Auxiliar
A2: Barrio | B2: Cant total Obras | E2: Descripción tipo de obra | F2: Cantidad | G2: Presupuesto | H2: 2020 | I2: 2021 | K2: Estado
A3: RECOLETA | B3: =COUNTIF(OBRAS[Barrio],A3) -> 126 | E3: AJG PRESENTACIONES CIUDADANOS | F3: =COUNTIF(OBRAS[Descripción tipo de obra],E3) -> 1 | G3: =IF(F3>=1,(AVERAGEIF(OBRAS[Descripción tipo de obra],Auxiliar!E3,OBRAS[Presupuesto])),"SIN OBRAS") -> 951856 | H3: =COUNTIFS(OBRAS[Descripción tipo de obra],Auxiliar!E3,OBRAS[Fecha],"<"&"1-1-2021") -> 0 | I3: =COUNTIFS(OBRAS[Descripción tipo de obra],Auxiliar!E3,OBRAS[Fecha],">="&"1-1-2021") -> 1 | K3: ANULADA
A4: VILLA SANTA RITA | B4: =COUNTIF(OBRAS[Barrio],A4) -> 30 | E4: AJUSTE DE INSTALACION DE INFLAMABLES | F4: =COUNTIF(OBRAS[Descripción tipo de obra],E4) -> 2 | G4: =IF(F4>=1,(AVERAGEIF(OBRAS[Descripción tipo de obra],Auxiliar!E4,OBRAS[Presupuesto])),"SIN OBRAS") -> 617260 | H4: =COUNTIFS(OBRAS[Descripción tipo de obra],Auxiliar!E4,OBRAS[Fecha],"<"&"1-1-2021") -> 0 | I4: =COUNTIFS(OBRAS[Descripción tipo de obra],Auxiliar!E4,OBRAS[Fecha],">="&"1-1-2021") -> 2 | K4: EN PROCESO
A5: CABALLITO | B5: =COUNTIF(OBRAS[Barrio],A5) -> 197 | E5: AJUSTE DE INSTALACION DE PREVENCION CONTRA INCENDIO | F5: =COUNTIF(OBRAS[Descripción tipo de obra],E5) -> 8 | G5: =IF(F5>=1,(AVERAGEIF(OBRAS[Descripción tipo de obra],Auxiliar!E5,OBRAS[Presupuesto])),"SIN OBRAS") -> 531378.5 | H5: =COUNTIFS(OBRAS[Descripción tipo de obra],Auxiliar!E5,OBRAS[Fecha],"<"&"1-1-2021") -> 2 | I5: =COUNTIFS(OBRAS[Descripción tipo de obra],Auxiliar!E5,OBRAS[Fecha],">="&"1-1-2021") -> 6 | K5: FINALIZADA
A6: MONSERRAT | B6: =COUNTIF(OBRAS[Barrio],A6) -> 37 | E6: AJUSTE DE INSTALACION ELECTRICA | F6: =COUNTIF(OBRAS[Descripción tipo de obra],E6) -> 5 | G6: =IF(F6>=1,(AVERAGEIF(OBRAS[Descripción tipo de obra],Auxiliar!E6,OBRAS[Presupuesto])),"SIN OBRAS") -> 600967.4 | H6: =COUNTIFS(OBRAS[Descripción tipo de obra],Auxiliar!E6,OBRAS[Fecha],"<"&"1-1-2021") -> 4 | I6: =COUNTIFS(OBRAS[Descripción tipo de obra],Auxiliar!E6,OBRAS[Fecha],">="&"1-1-2021") -> 1
A7: BALVANERA | B7: =COUNTIF(OBRAS[Barrio],A7) -> 116 | E7: AJUSTE DE INSTALACION ELECTROMECANICA | F7: =COUNTIF(OBRAS[Descripción tipo de obra],E7) -> 13 | G7: =IF(F7>=1,(AVERAGEIF(OBRAS[Descripción tipo de obra],Auxiliar!E7,OBRAS[Presupuesto])),"SIN OBRAS") -> 417476.62 | H7: =COUNTIFS(OBRAS[Descripción tipo de obra],Auxiliar!E7,OBRAS[Fecha],"<"&"1-1-2021") -> 12 | I7: =COUNTIFS(OBRAS[Descripción tipo de obra],Auxiliar!E7,OBRAS[Fecha],">="&"1-1-2021") -> 1 | K7: Prioridad
A8: PALERMO | B8: =COUNTIF(OBRAS[Barrio],A8) -> 318 | E8: AJUSTE DE INSTALACION ELEMENTOS GUIADOS DE TRANSPORTE | F8: =COUNTIF(OBRAS[Descripción tipo de obra],E8) -> 136 | G8: =IF(F8>=1,(AVERAGEIF(OBRAS[Descripción tipo de obra],Auxiliar!E8,OBRAS[Presupuesto])),"SIN OBRAS") -> 519938.25 | H8: =COUNTIFS(OBRAS[Descripción tipo de obra],Auxiliar!E8,OBRAS[Fecha],"<"&"1-1-2021") -> 52 | I8: =COUNTIFS(OBRAS[Descripción tipo de obra],Auxiliar!E8,OBRAS[Fecha],">="&"1-1-2021") -> 84 | K8: BAJA
A9: SAN CRISTOBAL | B9: =COUNTIF(OBRAS[Barrio],A9) -> 47 | E9: AJUSTE DE INSTALACION MECANICA | F9: =COUNTIF(OBRAS[Descripción tipo de obra],E9) -> 32 | G9: =IF(F9>=1,(AVERAGEIF(OBRAS[Descripción tipo de obra],Auxiliar!E9,OBRAS[Presupuesto])),"SIN OBRAS") -> 543383.25 | H9: =COUNTIFS(OBRAS[Descripción tipo de obra],Auxiliar!E9,OBRAS[Fecha],"<"&"1-1-2021") -> 26 | I9: =COUNTIFS(OBRAS[Descripción tipo de obra],Auxiliar!E9,OBRAS[Fecha],">="&"1-1-2021") -> 6 | K9: MODERADA
A10: SAAVEDRA | B10: =COUNTIF(OBRAS[Barrio],A10) -> 110 | E10: AJUSTE DE INSTALACION TERMICA | F10: =COUNTIF(OBRAS[Descripción tipo de obra],E10) -> 33 | G10: =IF(F10>=1,(AVERAGEIF(OBRAS[Descripción tipo de obra],Auxiliar!E10,OBRAS[Presupuesto])),"SIN OBRAS") -> 603232.48 | H10: =COUNTIFS(OBRAS[Descripción tipo de obra],Auxiliar!E10,OBRAS[Fecha],"<"&"1-1-2021") -> 17 | I10: =COUNTIFS(OBRAS[Descripción tipo de obra],Auxiliar!E10,OBRAS[Fecha],">="&"1-1-2021") -> 16 | K10: ALTA
A11: LINIERS | B11: =COUNTIF(OBRAS[Barrio],A11) -> 53 | E11: AJUSTE INSTALACION SANITARIA | F11: =COUNTIF(OBRAS[Descripción tipo de obra],E11) -> 1 | G11: =IF(F11>=1,(AVERAGEIF(OBRAS[Descripción tipo de obra],Auxiliar!E11,OBRAS[Presupuesto])),"SIN OBRAS") -> 745088 | H11: =COUNTIFS(OBRAS[Descripción tipo de obra],Auxiliar!E11,OBRAS[Fecha],"<"&"1-1-2021") -> 1 | I11: =COUNTIFS(OBRAS[Descripción tipo de obra],Auxiliar!E11,OBRAS[Fecha],">="&"1-1-2021") -> 0
A12: CONSTITUCION | B12: =COUNTIF(OBRAS[Barrio],A12) -> 25 | E12: AMPLIACION Y MODIFICACION C/DEMOLICION PARCIAL | F12: =COUNTIF(OBRAS[Descripción tipo de obra],E12) -> 8 | G12: =IF(F12>=1,(AVERAGEIF(OBRAS[Descripción tipo de obra],Auxiliar!E12,OBRAS[Presupuesto])),"SIN OBRAS") -> 665009.5 | H12: =COUNTIFS(OBRAS[Descripción tipo de obra],Auxiliar!E12,OBRAS[Fecha],"<"&"1-1-2021") -> 2 | I12: =COUNTIFS(OBRAS[Descripción tipo de obra],Auxiliar!E12,OBRAS[Fecha],">="&"1-1-2021") -> 6 | K12: Accidentes
A13: VILLA URQUIZA | B13: =COUNTIF(OBRAS[Barrio],A13) -> 165 | E13: DEMOLICION TOTAL Y OBRA | F13: =COUNTIF(OBRAS[Descripción tipo de obra],E13) -> 20 | G13: =IF(F13>=1,(AVERAGEIF(OBRAS[Descripción tipo de obra],Auxiliar!E13,OBRAS[Presupuesto])),"SIN OBRAS") -> 489389.4 | H13: =COUNTIFS(OBRAS[Descripción tipo de obra],Auxiliar!E13,OBRAS[Fecha],"<"&"1-1-2021") -> 4 | I13: =COUNTIFS(OBRAS[Descripción tipo de obra],Auxiliar!E13,OBRAS[Fecha],">="&"1-1-2021") -> 16 | K13: NULA
A14: BELGRANO | B14: =COUNTIF(OBRAS[Barrio],A14) -> 174 | E14: HABILITACIONES ESPECIALES | F14: =COUNTIF(OBRAS[Descripción tipo de obra],E14) -> 1 | G14: =IF(F14>=1,(AVERAGEIF(OBRAS[Descripción tipo de obra],Auxiliar!E14,OBRAS[Presupuesto])),"SIN OBRAS") -> 185301 | H14: =COUNTIFS(OBRAS[Descripción tipo de obra],Auxiliar!E14,OBRAS[Fecha],"<"&"1-1-2021") -> 0 | I14: =COUNTIFS(OBRAS[Descripción tipo de obra],Auxiliar!E14,OBRAS[Fecha],">="&"1-1-2021") -> 1 | K14: BAJA
A15: ALMAGRO | B15: =COUNTIF(OBRAS[Barrio],A15) -> 117 | E15: MENSURA REGULARIZACION URBANA DOMINIAL | F15: =COUNTIF(OBRAS[Descripción tipo de obra],E15) -> 2 | G15: =IF(F15>=1,(AVERAGEIF(OBRAS[Descripción tipo de obra],Auxiliar!E15,OBRAS[Presupuesto])),"SIN OBRAS") -> 506534.5 | H15: =COUNTIFS(OBRAS[Descripción tipo de obra],Auxiliar!E15,OBRAS[Fecha],"<"&"1-1-2021") -> 0 | I15: =COUNTIFS(OBRAS[Descripción tipo de obra],Auxiliar!E15,OBRAS[Fecha],">="&"1-1-2021") -> 2 | K15: ELEVADA
A16: PARQUE PATRICIOS | B16: =COUNTIF(OBRAS[Barrio],A16) -> 48 | E16: MODIFICACION O FINAL DE OBRA PARA EXPEDIENTES NO INICIADOS VIA TAD | F16: =COUNTIF(OBRAS[Descripción tipo de obra],E16) -> 74 | G16: =IF(F16>=1,(AVERAGEIF(OBRAS[Descripción tipo de obra],Auxiliar!E16,OBRAS[Presupuesto])),"SIN OBRAS") -> 489090.61 | H16: =COUNTIFS(OBRAS[Descripción tipo de obra],Auxiliar!E16,OBRAS[Fecha],"<"&"1-1-2021") -> 28 | I16: =COUNTIFS(OBRAS[Descripción tipo de obra],Auxiliar!E16,OBRAS[Fecha],">="&"1-1-2021") -> 46
A17: COLEGIALES | B17: =COUNTIF(OBRAS[Barrio],A17) -> 70 | E17: MODIFICACION O FINAL DE PROYECTO DE INSTALACION | F17: =COUNTIF(OBRAS[Descripción tipo de obra],E17) -> 50 | G17: =IF(F17>=1,(AVERAGEIF(OBRAS[Descripción tipo de obra],Auxiliar!E17,OBRAS[Presupuesto])),"SIN OBRAS") -> 532172.44 | H17: =COUNTIFS(OBRAS[Descripción tipo de obra],Auxiliar!E17,OBRAS[Fecha],"<"&"1-1-2021") -> 23 | I17: =COUNTIFS(OBRAS[Descripción tipo de obra],Auxiliar!E17,OBRAS[Fecha],">="&"1-1-2021") -> 27 | K17: Recotizacion
A18: VILLA PUEYRREDON | B18: =COUNTIF(OBRAS[Barrio],A18) -> 29 | E18: OBRA NUEVA | F18: =COUNTIF(OBRAS[Descripción tipo de obra],E18) -> 13 | G18: =IF(F18>=1,(AVERAGEIF(OBRAS[Descripción tipo de obra],Auxiliar!E18,OBRAS[Presupuesto])),"SIN OBRAS") -> 589384.46 | H18: =COUNTIFS(OBRAS[Descripción tipo de obra],Auxiliar!E18,OBRAS[Fecha],"<"&"1-1-2021") -> 4 | I18: =COUNTIFS(OBRAS[Descripción tipo de obra],Auxiliar!E18,OBRAS[Fecha],">="&"1-1-2021") -> 9 | K18: SI
A19: CHACARITA | B19: =COUNTIF(OBRAS[Barrio],A19) -> 45 | E19: OBRAS EJECUTADAS SIN PERMISO REGLAM. O ANTIRREGLAM. | F19: =COUNTIF(OBRAS[Descripción tipo de obra],E19) -> 9 | G19: =IF(F19>=1,(AVERAGEIF(OBRAS[Descripción tipo de obra],Auxiliar!E19,OBRAS[Presupuesto])),"SIN OBRAS") -> 557662.33 | H19: =COUNTIFS(OBRAS[Descripción tipo de obra],Auxiliar!E19,OBRAS[Fecha],"<"&"1-1-2021") -> 0 | I19: =COUNTIFS(OBRAS[Descripción tipo de obra],Auxiliar!E19,OBRAS[Fecha],">="&"1-1-2021") -> 9 | K19: NO
A20: VILLA SOLDATI | B20: =COUNTIF(OBRAS[Barrio],A20) -> 12 | E20: P. OBRA E. PROY. / CONFORME / R. OBRAS EN CONTRA | F20: =COUNTIF(OBRAS[Descripción tipo de obra],E20) -> 293 | G20: =IF(F20>=1,(AVERAGEIF(OBRAS[Descripción tipo de obra],Auxiliar!E20,OBRAS[Presupuesto])),"SIN OBRAS") -> 501048.01 | H20: =COUNTIFS(OBRAS[Descripción tipo de obra],Auxiliar!E20,OBRAS[Fecha],"<"&"1-1-2021") -> 31 | I20: =COUNTIFS(OBRAS[Descripción tipo de obra],Auxiliar!E20,OBRAS[Fecha],">="&"1-1-2021") -> 262
A21: VILLA DEVOTO | B21: =COUNTIF(OBRAS[Barrio],A21) -> 113 | E21: PERMISO DE MICRO OBRA | F21: =COUNTIF(OBRAS[Descripción tipo de obra],E21) -> 6 | G21: =IF(F21>=1,(AVERAGEIF(OBRAS[Descripción tipo de obra],Auxiliar!E21,OBRAS[Presupuesto])),"SIN OBRAS") -> 514343 | H21: =COUNTIFS(OBRAS[Descripción tipo de obra],Auxiliar!E21,OBRAS[Fecha],"<"&"1-1-2021") -> 3 | I21: =COUNTIFS(OBRAS[Descripción tipo de obra],Auxiliar!E21,OBRAS[Fecha],">="&"1-1-2021") -> 3
A22: BARRACAS | B22: =COUNTIF(OBRAS[Barrio],A22) -> 49 | E22: PERMISO DE OBRA EN ETAPA PROYECTO | F22: =COUNTIF(OBRAS[Descripción tipo de obra],E22) -> 5 | G22: =IF(F22>=1,(AVERAGEIF(OBRAS[Descripción tipo de obra],Auxiliar!E22,OBRAS[Presupuesto])),"SIN OBRAS") -> 514657.8 | H22: =COUNTIFS(OBRAS[Descripción tipo de obra],Auxiliar!E22,OBRAS[Fecha],"<"&"1-1-2021") -> 1 | I22: =COUNTIFS(OBRAS[Descripción tipo de obra],Auxiliar!E22,OBRAS[Fecha],">="&"1-1-2021") -> 4
A23: MATADEROS | B23: =COUNTIF(OBRAS[Barrio],A23) -> 83 | E23: PERMISO DE OBRA MAYOR | F23: =COUNTIF(OBRAS[Descripción tipo de obra],E23) -> 181 | G23: =IF(F23>=1,(AVERAGEIF(OBRAS[Descripción tipo de obra],Auxiliar!E23,OBRAS[Presupuesto])),"SIN OBRAS") -> 539473.76 | H23: =COUNTIFS(OBRAS[Descripción tipo de obra],Auxiliar!E23,OBRAS[Fecha],"<"&"1-1-2021") -> 69 | I23: =COUNTIFS(OBRAS[Descripción tipo de obra],Auxiliar!E23,OBRAS[Fecha],">="&"1-1-2021") -> 112
A24: RETIRO | B24: =COUNTIF(OBRAS[Barrio],A24) -> 55 | E24: PERMISO DE OBRA MEDIA | F24: =COUNTIF(OBRAS[Descripción tipo de obra],E24) -> 114 | G24: =IF(F24>=1,(AVERAGEIF(OBRAS[Descripción tipo de obra],Auxiliar!E24,OBRAS[Presupuesto])),"SIN OBRAS") -> 534268.62 | H24: =COUNTIFS(OBRAS[Descripción tipo de obra],Auxiliar!E24,OBRAS[Fecha],"<"&"1-1-2021") -> 43 | I24: =COUNTIFS(OBRAS[Descripción tipo de obra],Auxiliar!E24,OBRAS[Fecha],">="&"1-1-2021") -> 71
A25: FLORES | B25: =COUNTIF(OBRAS[Barrio],A25) -> 128 | E25: PERMISO DE OBRA MENOR | F25: =COUNTIF(OBRAS[Descripción tipo de obra],E25) -> 60 | G25: =IF(F25>=1,(AVERAGEIF(OBRAS[Descripción tipo de obra],Auxiliar!E25,OBRAS[Presupuesto])),"SIN OBRAS") -> 538758.37 | H25: =COUNTIFS(OBRAS[Descripción tipo de obra],Auxiliar!E25,OBRAS[Fecha],"<"&"1-1-2021") -> 23 | I25: =COUNTIFS(OBRAS[Descripción tipo de obra],Auxiliar!E25,OBRAS[Fecha],">="&"1-1-2021") -> 37
A26: NUÑEZ | B26: =COUNTIF(OBRAS[Barrio],A26) -> 94 | E26: PERMISO DE OBRA PARA USO PARTICULARIZADO | F26: =COUNTIF(OBRAS[Descripción tipo de obra],E26) -> 1 | G26: =IF(F26>=1,(AVERAGEIF(OBRAS[Descripción tipo de obra],Auxiliar!E26,OBRAS[Presupuesto])),"SIN OBRAS") -> 695356 | H26: =COUNTIFS(OBRAS[Descripción tipo de obra],Auxiliar!E26,OBRAS[Fecha],"<"&"1-1-2021") -> 0 | I26: =COUNTIFS(OBRAS[Descripción tipo de obra],Auxiliar!E26,OBRAS[Fecha],">="&"1-1-2021") -> 1
A27: FLORESTA | B27: =COUNTIF(OBRAS[Barrio],A27) -> 30 | E27: PERMISO ESTACIONAMIENTO BOMBAS DE HORMIGON | F27: =COUNTIF(OBRAS[Descripción tipo de obra],E27) -> 2 | G27: =IF(F27>=1,(AVERAGEIF(OBRAS[Descripción tipo de obra],Auxiliar!E27,OBRAS[Presupuesto])),"SIN OBRAS") -> 105905 | H27: =COUNTIFS(OBRAS[Descripción tipo de obra],Auxiliar!E27,OBRAS[Fecha],"<"&"1-1-2021") -> 2 | I27: =COUNTIFS(OBRAS[Descripción tipo de obra],Auxiliar!E27,OBRAS[Fecha],">="&"1-1-2021") -> 0
A28: VILLA CRESPO | B28: =COUNTIF(OBRAS[Barrio],A28) -> 93 | E28: PLANO DE PROPIEDAD HORIZONTAL NUEVO | F28: =COUNTIF(OBRAS[Descripción tipo de obra],E28) -> 4 | G28: =IF(F28>=1,(AVERAGEIF(OBRAS[Descripción tipo de obra],Auxiliar!E28,OBRAS[Presupuesto])),"SIN OBRAS") -> 559420.5 | H28: =COUNTIFS(OBRAS[Descripción tipo de obra],Auxiliar!E28,OBRAS[Fecha],"<"&"1-1-2021") -> 0 | I28: =COUNTIFS(OBRAS[Descripción tipo de obra],Auxiliar!E28,OBRAS[Fecha],">="&"1-1-2021") -> 4
A29: MONTE CASTRO | B29: =COUNTIF(OBRAS[Barrio],A29) -> 23 | E29: PROYECTO DE INSTALACION DE INFLAMABLES | F29: =COUNTIF(OBRAS[Descripción tipo de obra],E29) -> 9 | G29: =IF(F29>=1,(AVERAGEIF(OBRAS[Descripción tipo de obra],Auxiliar!E29,OBRAS[Presupuesto])),"SIN OBRAS") -> 421216.67 | H29: =COUNTIFS(OBRAS[Descripción tipo de obra],Auxiliar!E29,OBRAS[Fecha],"<"&"1-1-2021") -> 3 | I29: =COUNTIFS(OBRAS[Descripción tipo de obra],Auxiliar!E29,OBRAS[Fecha],">="&"1-1-2021") -> 6
A30: PATERNAL | B30: =COUNTIF(OBRAS[Barrio],A30) -> 17 | E30: PROYECTO DE INSTALACION DE PREVENCION DE INCENDIOS | F30: =COUNTIF(OBRAS[Descripción tipo de obra],E30) -> 120 | G30: =IF(F30>=1,(AVERAGEIF(OBRAS[Descripción tipo de obra],Auxiliar!E30,OBRAS[Presupuesto])),"SIN OBRAS") -> 511362.16 | H30: =COUNTIFS(OBRAS[Descripción tipo de obra],Auxiliar!E30,OBRAS[Fecha],"<"&"1-1-2021") -> 46 | I30: =COUNTIFS(OBRAS[Descripción tipo de obra],Auxiliar!E30,OBRAS[Fecha],">="&"1-1-2021") -> 74
A31: SAN NICOLAS | B31: =COUNTIF(OBRAS[Barrio],A31) -> 67 | E31: PROYECTO DE INSTALACION ELECTROMECANICA | F31: =COUNTIF(OBRAS[Descripción tipo de obra],E31) -> 18 | G31: =IF(F31>=1,(AVERAGEIF(OBRAS[Descripción tipo de obra],Auxiliar!E31,OBRAS[Presupuesto])),"SIN OBRAS") -> 443481.17 | H31: =COUNTIFS(OBRAS[Descripción tipo de obra],Auxiliar!E31,OBRAS[Fecha],"<"&"1-1-2021") -> 9 | I31: =COUNTIFS(OBRAS[Descripción tipo de obra],Auxiliar!E31,OBRAS[Fecha],">="&"1-1-2021") -> 9
... A48: BOCA | B48: =COUNTIF(OBRAS[Barrio],A48) -> 12 | E48: REGISTRO-PERMISO OBRA | F48: =COUNTIF(OBRAS[Descripción tipo de obra],E48) -> 841 | G48: =IF(F48>=1,(AVERAGEIF(OBRAS[Descripción tipo de obra],Auxiliar!E48,OBRAS[Presupuesto])),"SIN OBRAS") -> 508650.99 | H48: =COUNTIFS(OBRAS[Descripción tipo de obra],Auxiliar!E48,OBRAS[Fecha],"<"&"1-1-2021") -> 199 | I48: =COUNTIFS(OBRAS[Descripción tipo de obra],Auxiliar!E48,OBRAS[Fecha],">="&"1-1-2021") -> 642
A49: AGRONOMIA | B49: =COUNTIF(OBRAS[Barrio],A49) -> 9
A50: VILLA RIACHUELO | B50: =COUNTIF(OBRAS[Barrio],A50) -> 4

Sheet Auxiliar TD
A2: Estado | B2: PRESUPUESTOS | C2: OBRAS | E2: Total presupuesto | G2: =GETPIVOTDATA("PRESUPUESTOS",$A$2) -> 56836124
A3: ANULADA | B3: 31262029 | C3: 63 | E3: Total Obras | G3: =GETPIVOTDATA("OBRAS",$A$2) -> 111
A4: EN PROCESO | B4: 25574095 | C4: 48
A5: Total general | B5: 56836124 | C5: 111
A8: Barrio | B8: Cuenta de Descripción tipo de obra | D8: Etiquetas de fila | E8: Cuenta de Descripción tipo de obra
A9: BELGRANO | B9: 5 | D9: AJUSTE DE INSTALACION ELEMENTOS GUIADOS DE TRANSPORTE | E9: 9
A10: CABALLITO | B10: 11 | D10: P. OBRA E. PROY. / CONFORME / R. OBRAS EN CONTRA | E10: 6
A11: PALERMO | B11: 12 | D11: PERMISO DE OBRA MAYOR | E11: 7
A12: RECOLETA | B12: 8 | D12: REGISTRO DE PROYECTO DE INSTALACION VENTILACION MECANICA | E12: 14
A13: RETIRO | B13: 5 | D13: REGISTRO-PERMISO OBRA | E13: 35
A14: SAAVEDRA | B14: 5 | D14: Total general | E14: 71
A15: SAN NICOLAS | B15: 6
A16: Total general | B16: 52

Sheet Ej. Interrogantes y Respuestas
A1: Respuestas
A2: 1) Cuantas obras se inciaron entre 2021 y 2022?
A4: Cantidad: | B4: =SUM(TablaAUXILIAR[2021]) -> 2080
A6: 2) Que porcentaje representan las obras de tipo "AJUSTE DE INSTALACION MECANICA"?
A8: AJUSTE DE INSTALACION MECANICA
A9: =COUNTIF(OBRAS[Descripción tipo de obra],'Ej. Interrogantes y Respuestas'!A8)/COUNTA(OBRAS[Descripción tipo de obra]) -> 0.010673783
A11: 3) Cuantas obras se realizaron en cada barrio?
A13: Barrio | C13: CABALLITO
A14: Cantidad de obras | C14: =VLOOKUP(C13,TablaBarrio[],2,0) -> 197
A16: 4) Cuantas obras de BAJA, MODERADA y ALTA prioridad se iniciaron?
A18: Prioridad | B18: Cantidad
A19: BAJA | B19: =COUNTIF(OBRAS[Prioridad],$A$19) -> 1027
A21: 5) Cual fue el porsentaje de Obras que requirieron recotizacion?
A23: Recotizacion | B23: SI
A24: =COUNTIF(OBRAS[Recotización],$B$23)/COUNTA(OBRAS[Recotización]) -> 0.50667111
A26: 6) Cuantas obras se FINALIZARON?
A28: Obras finalizadas: | C28: =COUNTIF(OBRAS[Estado],Auxiliar!K5) -> 1029
A30: 7) Cual fue el presupuesto promedio de HABILITACIONES ESPECIALES?
A32: HABILITACIONES ESPECIALES
A33: Presupuesto promedio: | C33: =VLOOKUP(A32,TablaAUXILIAR[],3,0) -> 185301
A35: 8) Para cada tipo de obra, cuantas se iniciaron en total?
A37: AJUSTE DE INSTALACION TERMICA
A38: Total: | B38: =VLOOKUP(A37,Auxiliar!E3:I48,2,0) -> 33
A40: 9) Cual fue el presupuesto de las obras que fueron FINALIZADA y tenian ALTA prioridad?
A42: FINALIZADA | B42: ALTA
A43: Presupuesto total de obra FINALIZADA y con ALTA priorida: | F43: =AVERAGEIFS(OBRAS[Presupuesto],OBRAS[Estado],$A$42,OBRAS[Prioridad],$B$42) -> 494989.2
A45: 10) Cuantas obras con un presupuesto menor a 300,000, no tuvieron accidentes?
A47: Accidentes: | B47: NULA
A48: Respuesta: | B48: =COUNTIFS(OBRAS[Presupuesto],"<300,000",OBRAS[Accidentes],B47) -> 296
